Workbook

Sheet สรุปภาพรวมทั้งตู้ (Summary)
A1: 📊 สรุปภาพรวมการสั่งซื้อแผ่นคอมโพสิตและอะคริลิก (Bill of Materials)
A2: โครงการ: Narit Vending Machine | สรุปแยกตามชนิดวัสดุ: แผ่นคอมโพสิต (ฝั่งใน + ฝั่งนอก) และ แผ่นอะคริลิกใส (Acrylic)
A4: หมวดหมู่วัสดุ / ส่วนงาน (Material & Section) | B4: จำนวนชิ้นงาน (Qty) | C4: พื้นที่สุทธิ (Net Area m²) | D4: พื้นที่เผื่อเศษ (Gross Area m²) | E4: แผ่นตามทฤษฎี | F4: สั่งซื้อ (แผ่น) | G4: หมายเหตุ
A5: 1. แผ่นคอมโพสิต - ฝั่งใน (Inner Composite) | B5: ='ฝั่งใน (Inner)'!D24 | C5: ='ฝั่งใน (Inner)'!G6 | D5: ='ฝั่งใน (Inner)'!G7 | E5: ='ฝั่งใน (Inner)'!G8 | F5: ='ฝั่งใน (Inner)'!I6 | G5: แผ่นกั้น Partition, กล่องใน, ฝาหลังใน, ซับในประตู
A6: 2. แผ่นคอมโพสิต - ฝั่งนอก (Outer Composite) | B6: ='ฝั่งนอก (Outer)'!D24 | C6: ='ฝั่งนอก (Outer)'!G6 | D6: ='ฝั่งนอก (Outer)'!G7 | E6: ='ฝั่งนอก (Outer)'!G8 | F6: ='ฝั่งนอก (Outer)'!I6 | G6: ฝาบน, ฝาหลัง, ฝาข้างซ้าย-ขวา, บานประตูหน้านอก
A7: รวมแผ่นคอมโพสิตทั้งตู้ (Total Composite) | B7: =B5+B6 | C7: =C5+C6 | D7: =D5+D6 | E7: =E5+E6 | F7: =ROUNDUP(D7/'ฝั่งใน (Inner)'!C7, 0) | G7: คำนวณรวม Nesting ตัดคอมโพสิตทั้งตู้
A8: 3. แผ่นอะคริลิกใส (Acrylic Sheet) | B8: ='อะคริลิก (Acrylic)'!D18 | C8: ='อะคริลิก (Acrylic)'!G6 | D8: ='อะคริลิก (Acrylic)'!G7 | E8: ='อะคริลิก (Acrylic)'!G8 | F8: ='อะคริลิก (Acrylic)'!I6 | G8: ฝาครอบอะคริลิกด้านหน้าและด้านข้าง (แผ่นใส/ตกแต่ง)
A11: 📦 แผ่นอลูมิเนียมคอมโพสิต (Total Composite) สั่งซื้อรวมทั้งตู้ (Inner + Outer) | E11: 💎 แผ่นอะคริลิกใส (Acrylic Sheet) สำหรับฝาหน้าและฝาข้างขวา
A13: =F7 | E13: =F8

Sheet เช็ค Drawing (Check Drawing)
A1: 📋 รายการตรวจสอบสถานะการทำ 2D Drawing ชิ้นงาน (Drawing Progress Checklist)
A2: โครงการ: Narit Vending Machine | ตรวจสอบความครบถ้วนของแบบสั่งผลิต (2D Drawing), แผ่นคลี่ตัด (Flatten / DXF), และเลขที่แบบ (DWG No.)
B4: จำนวนชิ้นงานทั้งหมด (Total Parts) | E4: Drawing เสร็จแล้ว ✅ (Completed) | H4: ยังไม่ได้ทำ / กำลังทำ ⏳ (Pending / In Progress) | K4: ความคืบหน้ารวม 📊 (Overall Progress)
B5: =COUNTA(C11:C31) | E5: =COUNTIF(H11:H31, "เสร็จแล้ว") | H5: =B5-E5 | K5: =IF(B5>0, E5/B5, 0)
A10: ลำดับ No. | B10: หมวดหมู่วัสดุ / ส่วนงาน Section / Group | C10: รหัส / ชื่อชิ้นงาน (SOLIDWORKS) Part Name | D10: ลักษณะชิ้นงาน / ตำแหน่ง Description | E10: จำนวน Qty | F10: กว้างคลี่ (W) (mm) | G10: ยาวคลี่ (L) (mm) | H10: สถานะ Drawing 2D (Drawing Status) | I10: แบบคลี่ตัด (Flatten / DXF) (Sheet Metal Blank) | J10: รหัสแบบ Drawing No. (Document / DWG No.) | K10: วันที่เสร็จ / อัปเดต Date | L10: หมายเหตุ / ตำแหน่งจัดเก็บไฟล์ Remarks & File Path
A11: 1 | B11: ฝั่งใน (Inner) | C11: Partition-Inner 3-st | D11: แผ่นกั้นภายในตู้ 3 | E11: ='ฝั่งใน (Inner)'!D12 | F11: ='ฝั่งใน (Inner)'!E12 | G11: ='ฝั่งใน (Inner)'!F12 | H11: ยังไม่ทำ | I11: ยังไม่มี | L11: แผ่นกั้นตรง มีเจาะรูยึด
A12: 2 | B12: ฝั่งใน (Inner) | C12: Partition-Inner 1-st | D12: แผ่นกั้นภายในตู้ 1 | E12: ='ฝั่งใน (Inner)'!D13 | F12: ='ฝั่งใน (Inner)'!E13 | G12: ='ฝั่งใน (Inner)'!F13 | H12: ยังไม่ทำ | I12: ยังไม่มี | L12: แผ่นกั้นตรง
A13: 3 | B13: ฝั่งใน (Inner) | C13: Partition-Inner-Box-1-st | D13: กล่อง/โครงกั้นภายใน 1 | E13: ='ฝั่งใน (Inner)'!D14 | F13: ='ฝั่งใน (Inner)'!E14 | G13: ='ฝั่งใน (Inner)'!F14 | H13: ยังไม่ทำ | I13: ยังไม่มี | L13: พับขึ้นรูปกล่อง เช็ค Blank Size
A14: 4 | B14: ฝั่งใน (Inner) | C14: Partition-Inner 2-st | D14: แผ่นกั้นภายในตู้ 2 | E14: ='ฝั่งใน (Inner)'!D15 | F14: ='ฝั่งใน (Inner)'!E15 | G14: ='ฝั่งใน (Inner)'!F15 | H14: ยังไม่ทำ | I14: ยังไม่มี | L14: แผ่นกั้นตรง
A15: 5 | B15: ฝั่งใน (Inner) | C15: Door Right-Inner 1-Bending-st | D15: ฝาในประตูขวา พับ 1 (ซับใน) | E15: ='ฝั่งใน (Inner)'!D16 | F15: ='ฝั่งใน (Inner)'!E16 | G15: ='ฝั่งใน (Inner)'!F16 | H15: ยังไม่ทำ | I15: ยังไม่มี | L15: ชิ้นงานพับขอบ Bending
A16: 6 | B16: ฝั่งใน (Inner) | C16: Cover Back 2-Inner-Bending-st | D16: ฝาครอบหลังใน 2 พับ | E16: ='ฝั่งใน (Inner)'!D17 | F16: ='ฝั่งใน (Inner)'!E17 | G16: ='ฝั่งใน (Inner)'!F17 | H16: ยังไม่ทำ | I16: ยังไม่มี | L16: ชิ้นงานพับขอบ Bending
A17: 7 | B17: ฝั่งใน (Inner) | C17: Cover Back 1-Inner-Bending-st | D17: ฝาครอบหลังใน 1 พับ | E17: ='ฝั่งใน (Inner)'!D18 | F17: ='ฝั่งใน (Inner)'!E18 | G17: ='ฝั่งใน (Inner)'!F18 | H17: ยังไม่ทำ | I17: ยังไม่มี | L17: ชิ้นงานพับขอบ Bending
A18: 8 | B18: ฝั่งใน (Inner) | C18: Door left-inner-Bending-st | D18: ฝาในประตูซ้าย พับ (ซับใน) | E18: ='ฝั่งใน (Inner)'!D19 | F18: ='ฝั่งใน (Inner)'!E19 | G18: ='ฝั่งใน (Inner)'!F19 | H18: เสร็จแล้ว | I18: มีแล้ว | J18: Door left-inner-Bending-st.SLDDRW | K18: 28-Sep-2026 | L18: พบไฟล์ .SLDDRW และ .pdf ใน Model
A19: 9 | B19: ฝั่งใน (Inner) | C19: Door left-inner-Bending | D19: ฝาในประตูซ้าย พับ | E19: 1 | F19: 512 | G19: 1750 | H19: ยังไม่ทำ | I19: ยังไม่มี | L19: ชิ้นงานพับขอบ Bending
A20: 10 | B20: ฝั่งนอก (Outer) | C20: Cover top-Bending-st-2psc | D20: ฝาครอบบน (พับขึ้นรูป) | E20: ='ฝั่งนอก (Outer)'!D12 | F20: ='ฝั่งนอก (Outer)'!E12 | G20: ='ฝั่งนอก (Outer)'!F12 | H20: ยังไม่ทำ | I20: ยังไม่มี | L20: มี 2 ชิ้น (2psc) / พับขอบ
A21: 11 | B21: ฝั่งนอก (Outer) | C21: Cover Back 1-Bending-st-2psc | D21: ฝาครอบหลัง 1 (พับขึ้นรูป) | E21: ='ฝั่งนอก (Outer)'!D13 | F21: ='ฝั่งนอก (Outer)'!E13 | G21: ='ฝั่งนอก (Outer)'!F13 | H21: ยังไม่ทำ | I21: ยังไม่มี | L21: มี 2 ชิ้น (2psc) / พับขอบ
A22: 12 | B22: ฝั่งนอก (Outer) | C22: Door left-Bending-st | D22: ฝาประตูซ้ายนอก (พับขึ้นรูป) | E22: ='ฝั่งนอก (Outer)'!D14 | F22: ='ฝั่งนอก (Outer)'!E14 | G22: ='ฝั่งนอก (Outer)'!F14 | H22: ยังไม่ทำ | I22: ยังไม่มี | L22: ชิ้นงานพับขอบ Bending
A23: 13 | B23: ฝั่งนอก (Outer) | C23: Cover Left Side-Bending-st | D23: ฝาครอบข้างซ้าย (พับขึ้นรูป) | E23: ='ฝั่งนอก (Outer)'!D15 | F23: ='ฝั่งนอก (Outer)'!E15 | G23: ='ฝั่งนอก (Outer)'!F15 | H23: ยังไม่ทำ | I23: ยังไม่มี | L23: ชิ้นงานพับขอบ Bending
A24: 14 | B24: ฝั่งนอก (Outer) | C24: Cover Left Side 2-Bending-st | D24: ฝาครอบข้างซ้าย 2 (พับขึ้นรูป) | E24: ='ฝั่งนอก (Outer)'!D16 | F24: ='ฝั่งนอก (Outer)'!E16 | G24: ='ฝั่งนอก (Outer)'!F16 | H24: ยังไม่ทำ | I24: ยังไม่มี | L24: ชิ้นงานพับขอบ Bending
A25: 15 | B25: ฝั่งนอก (Outer) | C25: Cover Front 1-Bending-st | D25: ฝาครอบหน้า 1 (พับขึ้นรูป) | E25: ='ฝั่งนอก (Outer)'!D17 | F25: ='ฝั่งนอก (Outer)'!E17 | G25: ='ฝั่งนอก (Outer)'!F17 | H25: ยังไม่ทำ | I25: ยังไม่มี | L25: ชิ้นงานพับขอบ Bending
A26: 16 | B26: ฝั่งนอก (Outer) | C26: Cover Front 2-Bending-st | D26: ฝาครอบหน้า 2 (พับขึ้นรูป) | E26: ='ฝั่งนอก (Outer)'!D18 | F26: ='ฝั่งนอก (Outer)'!E18 | G26: ='ฝั่งนอก (Outer)'!F18 | H26: ยังไม่ทำ | I26: ยังไม่มี | L26: ชิ้นงานพับขอบ Bending
A27: 17 | B27: ฝั่งนอก (Outer) | C27: Cover Right Side 1-Bending-st | D27: ฝาครอบข้างขวา 1 (พับขึ้นรูป) | E27: ='ฝั่งนอก (Outer)'!D19 | F27: ='ฝั่งนอก (Outer)'!E19 | G27: ='ฝั่งนอก (Outer)'!F19 | H27: ยังไม่ทำ | I27: ยังไม่มี | L27: ชิ้นงานพับขอบ Bending
A28: 18 | B28: ฝั่งนอก (Outer) | C28: Cover Right Side 2-Bending-st | D28: ฝาครอบข้างขวา 2 (พับขึ้นรูป) | E28: ='ฝั่งนอก (Outer)'!D20 | F28: ='ฝั่งนอก (Outer)'!E20 | G28: ='ฝั่งนอก (Outer)'!F20 | H28: ยังไม่ทำ | I28: ยังไม่มี | L28: ชิ้นงานพับขอบ Bending
A29: 19 | B29: อะคริลิก (Acrylic) | C29: Arcylic Cover Front 2-st | D29: ฝาครอบหน้า 2 (อะคริลิกใส/ป้ายไฟ) | E29: ='อะคริลิก (Acrylic)'!D12 | F29: ='อะคริลิก (Acrylic)'!E12 | G29: ='อะคริลิก (Acrylic)'!F12 | H29: ยังไม่ทำ | I29: ยังไม่มี | L29: ตัดเลเซอร์ Laser Cut / ขัดขอบ
A30: 20 | B30: อะคริลิก (Acrylic) | C30: Arcylic Cover Front-st | D30: ฝาครอบหน้า (อะคริลิกใส/ช่องมอง) | E30: ='อะคริลิก (Acrylic)'!D13 | F30: ='อะคริลิก (Acrylic)'!E13 | G30: ='อะคริลิก (Acrylic)'!F13 | H30: ยังไม่ทำ | I30: ยังไม่มี | L30: ตัดเลเซอร์ Laser Cut / ขัดขอบ
A31: 21 | B31: อะคริลิก (Acrylic) | C31: Arcylic Cover Right -side-st | D31: ฝาครอบข้างขวา (อะคริลิกใส/แสดงผล) | E31: ='อะคริลิก (Acrylic)'!D14 | F31: ='อะคริลิก (Acrylic)'!E14 | G31: ='อะคริลิก (Acrylic)'!F14 | H31: เสร็จแล้ว | I31: มีแล้ว | J31: NAR2093-0413A | K31: 28-Sep-2026 | L31: พบไฟล์ Flatten.pdf ใน Drawing
A33: 💡 คำแนะนำในการใช้งานตารางเช็ค Drawing (Drawing Checklist Instructions)
A34: 1. คอลัมน์ 'สถานะ Drawing 2D' (H) สามารถคลิกเลือกจาก Dropdown ได้: 'เสร็จแล้ว', 'กำลังทำ', 'ยังไม่ทำ', 'รอเช็คขนาด'
A35: 2. คอลัมน์ 'แบบคลี่ตัด (Flatten / DXF)' (I) ใช้เช็คว่ามีการ Export แบบคลี่ Blank Size สำหรับส่งเครื่องตัด CNC Laser/Router แล้วหรือยัง
A36: 3. ขนาดกว้างคลี่ (W) และยาวคลี่ (L) ลิงก์ตรงกับแท็บ 'ฝั่งใน', 'ฝั่งนอก', และ 'อะคริลิก' อัตโนมัติ (แก้ไขที่แท็บต้นทางแล้วค่าจะเปลี่ยนตาม)
A37: 4. การ์ดสรุป KPI ด้านบนจะคำนวณจำนวนชิ้นงานที่ทำเสร็จแล้ว และเปอร์เซ็นต์ความคืบหน้า (Overall Progress %) ให้แบบ Real-time
A38: 5. ชิ้นส่วนที่ตรวจพบไฟล์แบบในเครื่องแล้ว: 'Door left-inner-Bending-st' (.SLDDRW) และ 'Arcylic Cover Right -side-st' (NAR2093-0413A) ถูกตั้งค่าเริ่มต้นเป็น 'เสร็จแล้ว'

Sheet ฝั่งนอก (Outer)
A1: ตารางคำนวณแผ่นคอมโพสิต - ชิ้นส่วนฝั่งนอก (Outer Parts)
A2: รายการชิ้นส่วนจาก SOLIDWORKS: ฝาบน, ฝาหลัง, ฝาข้าง, ประตู และฝาหน้า (เฉพาะแผ่นคอมโพสิต)
B4: ⚙️ ข้อมูลแผ่นมาตรฐาน - คอมโพสิต (Standard Sheet Config) | F4: 📊 ผลลัพธ์การคำนวณ (Calculation Summary) | I4: จำนวนแผ่น คอมโพสิต ที่ต้องใช้ (Recommended to Order)
B5: ความกว้างแผ่นมาตรฐาน (Sheet Width) | C5: 1220 | D5: มม. (mm) | F5: จำนวนชิ้นงานทั้งหมด (Total Quantity) | G5: =SUM(D12:D23) | H5: ชิ้น (pcs)
B6: ความยาวแผ่นมาตรฐาน (Sheet Length) | C6: 2440 | D6: มม. (mm) | F6: พื้นที่ชิ้นงานสุทธิ (Net Total Area) | G6: =SUM(G12:G23) | H6: ตร.ม. (m²) | I6: =ROUNDUP(G8, 0)
B7: พื้นที่ต่อ 1 แผ่นมาตรฐาน (Area/Sheet) | C7: =(C5*C6)/1000000 | D7: ตร.ม. (m²) | F7: พื้นที่รวมเผื่อเศษตัด (Gross Area with Waste) | G7: =G6*(1+C8) | H7: ตร.ม. (m²)
B8: เผื่อเศษตัด/พับ/โครงสร้าง (Waste Factor) | C8: 0.15 | D8: (15%) | F8: จำนวนแผ่นตามทฤษฎี (Theoretical Sheets) | G8: =G7/C7 | H8: แผ่น (sheets)
A11: ลำดับ No. | B11: รหัส / ชื่อชิ้นงาน (SOLIDWORKS) Part Name | C11: ลักษณะชิ้นงาน / ตำแหน่ง Description | D11: จำนวน Qty (pcs) | E11: กว้างคลี่ (W) Width (mm) | F11: ยาวคลี่ (L) Length (mm) | G11: พื้นที่รวม Total Area (m²) | H11: สัดส่วนต่อแผ่น % of Sheet | I11: หมายเหตุการตัด / พับ / ติดตั้ง Remarks & Notes
A12: 1 | B12: Cover top-Bending-st-2psc | C12: ฝาครอบบน (พับขึ้นรูป) | D12: 2 | E12: 800 | F12: 2370 | G12: =IF(AND(ISNUMBER(E12),ISNUMBER(F12),E12>0,F12>0), D12*(E12*F12)/1000000, 0) | H12: =IF($C$7>0, G12/$C$7, 0) | I12: มี 2 ชิ้น (2psc) / พับขอบ Bending
A13: 2 | B13: Cover Back 1-Bending-st-2psc | C13: ฝาครอบหลัง 1 (พับขึ้นรูป) | D13: 2 | E13: 1160 | F13: 2370 | G13: =IF(AND(ISNUMBER(E13),ISNUMBER(F13),E13>0,F13>0), D13*(E13*F13)/1000000, 0) | H13: =IF($C$7>0, G13/$C$7, 0) | I13: มี 2 ชิ้น (2psc) / พับขอบ Bending
A14: 3 | B14: Door left-Bending-st | C14: ฝาประตูซ้ายนอก (พับขึ้นรูป) | D14: 1 | E14: 914 | F14: 1839 | G14: =IF(AND(ISNUMBER(E14),ISNUMBER(F14),E14>0,F14>0), D14*(E14*F14)/1000000, 0) | H14: =IF($C$7>0, G14/$C$7, 0) | I14: ชิ้นงานพับขอบ Bending
A15: 4 | B15: Cover Left Side-Bending-st | C15: ฝาครอบข้างซ้าย (พับขึ้นรูป) | D15: 1 | E15: 490 | F15: 880 | G15: =IF(AND(ISNUMBER(E15),ISNUMBER(F15),E15>0,F15>0), D15*(E15*F15)/1000000, 0) | H15: =IF($C$7>0, G15/$C$7, 0) | I15: ชิ้นงานพับขอบ Bending
A16: 5 | B16: Cover Left Side 2-Bending-st | C16: ฝาครอบข้างซ้าย 2 (พับขึ้นรูป) | D16: 1 | E16: 645 | F16: 2290 | G16: =IF(AND(ISNUMBER(E16),ISNUMBER(F16),E16>0,F16>0), D16*(E16*F16)/1000000, 0) | H16: =IF($C$7>0, G16/$C$7, 0) | I16: ชิ้นงานพับขอบ Bending
A17: 6 | B17: Cover Front 1-Bending-st | C17: ฝาครอบหน้า 1 (พับขึ้นรูป) | D17: 1 | E17: 1120 | F17: 2370 | G17: =IF(AND(ISNUMBER(E17),ISNUMBER(F17),E17>0,F17>0), D17*(E17*F17)/1000000, 0) | H17: =IF($C$7>0, G17/$C$7, 0) | I17: ชิ้นงานพับขอบ Bending
A18: 7 | B18: Cover Front 2-Bending-st | C18: ฝาครอบหน้า 2 (พับขึ้นรูป) | D18: 1 | E18: 1120 | F18: 2370 | G18: =IF(AND(ISNUMBER(E18),ISNUMBER(F18),E18>0,F18>0), D18*(E18*F18)/1000000, 0) | H18: =IF($C$7>0, G18/$C$7, 0) | I18: ชิ้นงานพับขอบ Bending
A19: 8 | B19: Cover Right Side 1-Bending-st | C19: ฝาครอบข้างขวา 1 (พับขึ้นรูป) | D19: 1 | E19: 1003 | F19: 2370 | G19: =IF(AND(ISNUMBER(E19),ISNUMBER(F19),E19>0,F19>0), D19*(E19*F19)/1000000, 0) | H19: =IF($C$7>0, G19/$C$7, 0) | I19: ชิ้นงานพับขอบ Bending
A20: 9 | B20: Cover Right Side 2-Bending-st | C20: ฝาครอบข้างขวา 2 (พับขึ้นรูป) | D20: 1 | E20: 490 | F20: 517 | G20: =IF(AND(ISNUMBER(E20),ISNUMBER(F20),E20>0,F20>0), D20*(E20*F20)/1000000, 0) | H20: =IF($C$7>0, G20/$C$7, 0) | I20: ชิ้นงานพับขอบ Bending
A21: 10 | B21: สำรองชิ้นส่วนเพิ่มเติม 1 (Extra Part) | C21: - | D21: 0 | G21: =IF(AND(ISNUMBER(E21),ISNUMBER(F21),E21>0,F21>0), D21*(E21*F21)/1000000, 0) | H21: =IF($C$7>0, G21/$C$7, 0)
A22: 11 | B22: สำรองชิ้นส่วนเพิ่มเติม 2 (Extra Part) | C22: - | D22: 0 | G22: =IF(AND(ISNUMBER(E22),ISNUMBER(F22),E22>0,F22>0), D22*(E22*F22)/1000000, 0) | H22: =IF($C$7>0, G22/$C$7, 0)
A23: 12 | B23: สำรองชิ้นส่วนเพิ่มเติม 3 (Extra Part) | C23: - | D23: 0 | G23: =IF(AND(ISNUMBER(E23),ISNUMBER(F23),E23>0,F23>0), D23*(E23*F23)/1000000, 0) | H23: =IF($C$7>0, G23/$C$7, 0)
A24: รวมทั้งหมด (Sub-Total) | D24: =SUM(D12:D23) | E24: - | F24: - | G24: =SUM(G12:G23) | H24: =SUM(H12:H23)

Sheet ฝั่งใน (Inner)
A1: ตารางคำนวณแผ่นคอมโพสิต - ชิ้นส่วนฝั่งใน (Inner Parts)
A2: รายการชิ้นส่วนภายในตู้: แผ่นกั้น Partition, กล่องใน, ซับในประตู และฝาหลังใน
B4: ⚙️ ข้อมูลแผ่นมาตรฐาน - คอมโพสิต (Standard Sheet Config) | F4: 📊 ผลลัพธ์การคำนวณ (Calculation Summary) | I4: จำนวนแผ่น คอมโพสิต ที่ต้องใช้ (Recommended to Order)
B5: ความกว้างแผ่นมาตรฐาน (Sheet Width) | C5: 1220 | D5: มม. (mm) | F5: จำนวนชิ้นงานทั้งหมด (Total Quantity) | G5: =SUM(D12:D23) | H5: ชิ้น (pcs)
B6: ความยาวแผ่นมาตรฐาน (Sheet Length) | C6: 2440 | D6: มม. (mm) | F6: พื้นที่ชิ้นงานสุทธิ (Net Total Area) | G6: =SUM(G12:G23) | H6: ตร.ม. (m²) | I6: =ROUNDUP(G8, 0)
B7: พื้นที่ต่อ 1 แผ่นมาตรฐาน (Area/Sheet) | C7: =(C5*C6)/1000000 | D7: ตร.ม. (m²) | F7: พื้นที่รวมเผื่อเศษตัด (Gross Area with Waste) | G7: =G6*(1+C8) | H7: ตร.ม. (m²)
B8: เผื่อเศษตัด/พับ/โครงสร้าง (Waste Factor) | C8: 0.15 | D8: (15%) | F8: จำนวนแผ่นตามทฤษฎี (Theoretical Sheets) | G8: =G7/C7 | H8: แผ่น (sheets)
A11: ลำดับ No. | B11: รหัส / ชื่อชิ้นงาน (SOLIDWORKS) Part Name | C11: ลักษณะชิ้นงาน / ตำแหน่ง Description | D11: จำนวน Qty (pcs) | E11: กว้างคลี่ (W) Width (mm) | F11: ยาวคลี่ (L) Length (mm) | G11: พื้นที่รวม Total Area (m²) | H11: สัดส่วนต่อแผ่น % of Sheet | I11: หมายเหตุการตัด / พับ / ติดตั้ง Remarks & Notes
A12: 1 | B12: Partition-Inner 3-st | C12: แผ่นกั้นภายในตู้ 3 | D12: 1 | E12: 448 | F12: 2240 | G12: =IF(AND(ISNUMBER(E12),ISNUMBER(F12),E12>0,F12>0), D12*(E12*F12)/1000000, 0) | H12: =IF($C$7>0, G12/$C$7, 0) | I12: แผ่นกั้นตรง / มีเจาะรูยึด
A13: 2 | B13: Partition-Inner 1-st | C13: แผ่นกั้นภายในตู้ 1 | D13: 1 | E13: 568 | F13: 2200 | G13: =IF(AND(ISNUMBER(E13),ISNUMBER(F13),E13>0,F13>0), D13*(E13*F13)/1000000, 0) | H13: =IF($C$7>0, G13/$C$7, 0) | I13: แผ่นกั้นตรง
A14: 3 | B14: Partition-Inner-Box-1-st | C14: กล่อง/โครงกั้นภายใน 1 | D14: 1 | E14: 1210 | F14: 2010 | G14: =IF(AND(ISNUMBER(E14),ISNUMBER(F14),E14>0,F14>0), D14*(E14*F14)/1000000, 0) | H14: =IF($C$7>0, G14/$C$7, 0) | I14: มีพับขึ้นรูปกล่อง (เช็ค Blank Size)
A15: 4 | B15: Partition-Inner 2-st | C15: แผ่นกั้นภายในตู้ 2 | D15: 1 | E15: 543 | F15: 2200 | G15: =IF(AND(ISNUMBER(E15),ISNUMBER(F15),E15>0,F15>0), D15*(E15*F15)/1000000, 0) | H15: =IF($C$7>0, G15/$C$7, 0) | I15: แผ่นกั้นตรง
A16: 5 | B16: Door Right-Inner 1-Bending-st | C16: ฝาในประตูขวา พับ 1 (ซับใน) | D16: 1 | E16: 870 | F16: 1750 | G16: =IF(AND(ISNUMBER(E16),ISNUMBER(F16),E16>0,F16>0), D16*(E16*F16)/1000000, 0) | H16: =IF($C$7>0, G16/$C$7, 0) | I16: ชิ้นงานพับขอบ Bending
A17: 6 | B17: Cover Back 2-Inner-Bending-st | C17: ฝาครอบหลังใน 2 พับ | D17: 1 | E17: 1160 | F17: 2235 | G17: =IF(AND(ISNUMBER(E17),ISNUMBER(F17),E17>0,F17>0), D17*(E17*F17)/1000000, 0) | H17: =IF($C$7>0, G17/$C$7, 0) | I17: ชิ้นงานพับขอบ Bending
A18: 7 | B18: Cover Back 1-Inner-Bending-st | C18: ฝาครอบหลังใน 1 พับ | D18: 1 | E18: 1160 | F18: 2235 | G18: =IF(AND(ISNUMBER(E18),ISNUMBER(F18),E18>0,F18>0), D18*(E18*F18)/1000000, 0) | H18: =IF($C$7>0, G18/$C$7, 0) | I18: ชิ้นงานพับขอบ Bending
A19: 8 | B19: Door left-inner-Bending-st | C19: ฝาในประตูซ้าย พับ (ซับใน) | D19: 1 | E19: 512 | F19: 1750 | G19: =IF(AND(ISNUMBER(E19),ISNUMBER(F19),E19>0,F19>0), D19*(E19*F19)/1000000, 0) | H19: =IF($C$7>0, G19/$C$7, 0) | I19: ชิ้นงานพับขอบ Bending
A20: 9 | D20: 0 | G20: =IF(AND(ISNUMBER(E20),ISNUMBER(F20),E20>0,F20>0), D20*(E20*F20)/1000000, 0) | H20: =IF($C$7>0, G20/$C$7, 0) | I20: ชิ้นงานพับขอบ Bending
A21: 10 | B21: สำรองชิ้นส่วนเพิ่มเติม 1 (Extra Part) | C21: - | D21: 0 | G21: =IF(AND(ISNUMBER(E21),ISNUMBER(F21),E21>0,F21>0), D21*(E21*F21)/1000000, 0) | H21: =IF($C$7>0, G21/$C$7, 0)
A22: 11 | B22: สำรองชิ้นส่วนเพิ่มเติม 2 (Extra Part) | C22: - | D22: 0 | G22: =IF(AND(ISNUMBER(E22),ISNUMBER(F22),E22>0,F22>0), D22*(E22*F22)/1000000, 0) | H22: =IF($C$7>0, G22/$C$7, 0)
A23: 12 | B23: สำรองชิ้นส่วนเพิ่มเติม 3 (Extra Part) | C23: - | D23: 0 | G23: =IF(AND(ISNUMBER(E23),ISNUMBER(F23),E23>0,F23>0), D23*(E23*F23)/1000000, 0) | H23: =IF($C$7>0, G23/$C$7, 0)
A24: รวมทั้งหมด (Sub-Total) | D24: =SUM(D12:D23) | E24: - | F24: - | G24: =SUM(G12:G23) | H24: =SUM(H12:H23)

Sheet อะคริลิก (Acrylic)
A1: ตารางคำนวณแผ่นอะคริลิก (Acrylic Sheet Requirement)
A2: รายการชิ้นส่วนอะคริลิกจาก SOLIDWORKS: ฝาครอบด้านหน้าและฝาครอบด้านข้าง
B4: ⚙️ ข้อมูลแผ่นมาตรฐาน - อะคริลิก (Standard Sheet Config) | F4: 📊 ผลลัพธ์การคำนวณ (Calculation Summary) | I4: จำนวนแผ่น อะคริลิก ที่ต้องใช้ (Recommended to Order)
B5: ความกว้างแผ่นมาตรฐาน (Sheet Width) | C5: 1220 | D5: มม. (mm) | F5: จำนวนชิ้นงานทั้งหมด (Total Quantity) | G5: =SUM(D12:D17) | H5: ชิ้น (pcs)
B6: ความยาวแผ่นมาตรฐาน (Sheet Length) | C6: 2440 | D6: มม. (mm) | F6: พื้นที่ชิ้นงานสุทธิ (Net Total Area) | G6: =SUM(G12:G17) | H6: ตร.ม. (m²) | I6: =ROUNDUP(G8, 0)
B7: พื้นที่ต่อ 1 แผ่นมาตรฐาน (Area/Sheet) | C7: =(C5*C6)/1000000 | D7: ตร.ม. (m²) | F7: พื้นที่รวมเผื่อเศษตัด (Gross Area with Waste) | G7: =G6*(1+C8) | H7: ตร.ม. (m²)
B8: เผื่อเศษตัด/พับ/โครงสร้าง (Waste Factor) | C8: 0.15 | D8: (15%) | F8: จำนวนแผ่นตามทฤษฎี (Theoretical Sheets) | G8: =G7/C7 | H8: แผ่น (sheets)
A11: ลำดับ No. | B11: รหัส / ชื่อชิ้นงาน (SOLIDWORKS) Part Name | C11: ลักษณะชิ้นงาน / ตำแหน่ง Description | D11: จำนวน Qty (pcs) | E11: กว้างคลี่ (W) Width (mm) | F11: ยาวคลี่ (L) Length (mm) | G11: พื้นที่รวม Total Area (m²) | H11: สัดส่วนต่อแผ่น % of Sheet | I11: หมายเหตุการตัด / พับ / ติดตั้ง Remarks & Notes
A12: 1 | B12: Arcylic Cover Front 2-st | C12: ฝาครอบหน้า 2 (แผ่นอะคริลิกใส/ป้ายไฟ) | D12: 1 | E12: 537 | F12: 1737 | G12: =IF(AND(ISNUMBER(E12),ISNUMBER(F12),E12>0,F12>0), D12*(E12*F12)/1000000, 0) | H12: =IF($C$7>0, G12/$C$7, 0) | I12: ตัดเลเซอร์ Laser Cut / ขัดขอบ
A13: 2 | B13: Arcylic Cover Front-st | C13: ฝาครอบหน้า (แผ่นอะคริลิกใส/ช่องมอง) | D13: 1 | E13: 1257 | F13: 1737 | G13: =IF(AND(ISNUMBER(E13),ISNUMBER(F13),E13>0,F13>0), D13*(E13*F13)/1000000, 0) | H13: =IF($C$7>0, G13/$C$7, 0) | I13: ตัดเลเซอร์ Laser Cut / ขัดขอบ
A14: 3 | B14: Arcylic Cover Right -side-st | C14: ฝาครอบข้างขวา (แผ่นอะคริลิกใส/แสดงผล) | D14: 1 | E14: 637 | F14: 1737 | G14: =IF(AND(ISNUMBER(E14),ISNUMBER(F14),E14>0,F14>0), D14*(E14*F14)/1000000, 0) | H14: =IF($C$7>0, G14/$C$7, 0) | I14: ตัดเลเซอร์ Laser Cut / ขัดขอบ
A15: 4 | B15: สำรองชิ้นส่วนเพิ่มเติม 1 (Extra Part) | C15: - | D15: 0 | G15: =IF(AND(ISNUMBER(E15),ISNUMBER(F15),E15>0,F15>0), D15*(E15*F15)/1000000, 0) | H15: =IF($C$7>0, G15/$C$7, 0)
A16: 5 | B16: สำรองชิ้นส่วนเพิ่มเติม 2 (Extra Part) | C16: - | D16: 0 | G16: =IF(AND(ISNUMBER(E16),ISNUMBER(F16),E16>0,F16>0), D16*(E16*F16)/1000000, 0) | H16: =IF($C$7>0, G16/$C$7, 0)
A17: 6 | B17: สำรองชิ้นส่วนเพิ่มเติม 3 (Extra Part) | C17: - | D17: 0 | G17: =IF(AND(ISNUMBER(E17),ISNUMBER(F17),E17>0,F17>0), D17*(E17*F17)/1000000, 0) | H17: =IF($C$7>0, G17/$C$7, 0)
A18: รวมทั้งหมด (Sub-Total) | D18: =SUM(D12:D17) | E18: - | F18: - | G18: =SUM(G12:G17) | H18: =SUM(H12:H17)

Sheet ขนาดแผ่นมาตรฐานและแนวทาง
A1: ข้อมูลอ้างอิงขนาดแผ่นอลูมิเนียมคอมโพสิตและแผ่นอะคริลิก
A3: 1. ขนาดแผ่นอลูมิเนียมคอมโพสิตมาตรฐาน (Aluminum Composite Standard Sizes)
A4: ขนาดมาตรฐาน (Standard Size) | B4: กว้าง (W) มม. | C4: ยาว (L) มม. | D4: พื้นที่ (ตร.ม./แผ่น) | E4: ความหนารวมทั่วไป | F4: การใช้งานที่นิยม
A5: 4 x 8 ฟุต (มาตรฐานสากล - นิยมที่สุด) | B5: 1220 | C5: 2440 | D5: =B5*C5/1000000 | E5: 3 มม. / 4 มม. | F5: โครงสร้างตู้, พาร์ทิชัน, ฝาครอบ
A6: 1.25 x 2.50 เมตร (ไซส์ยุโรป) | B6: 1250 | C6: 2500 | D6: =B6*C6/1000000 | E6: 4 มม. | F6: งานอาคาร, ผนังตู้ขนาดใหญ่
A7: 4 x 10 ฟุต (แผ่นยาว) | B7: 1220 | C7: 3050 | D7: =B7*C7/1000000 | E7: 4 มม. | F7: ฝาหลังตู้สูง, ชิ้นส่วนยาวต่อเนื่อง
A8: 5 x 10 ฟุต (แผ่นหน้ากว้าง) | B8: 1500 | C8: 3000 | D8: =B8*C8/1000000 | E8: 4 มม. | F8: ชิ้นงานขนาดใหญ่ลดรอยต่อ
A10: 2. ขนาดแผ่นอะคริลิกมาตรฐาน (Acrylic Sheet Standard Sizes)
A11: ขนาดแผ่นอะคริลิก | B11: กว้าง (W) มม. | C11: ยาว (L) มม. | D11: พื้นที่ (ตร.ม./แผ่น) | E11: ความหนาทั่วไป | F11: คุณสมบัติ/การใช้งาน
A12: 4 x 8 ฟุต (ขนาดเต็มแผ่นมาตรฐาน) | B12: 1220 | C12: 2440 | D12: =B12*C12/1000000 | E12: 2, 3, 5, 8 มม. | F12: งานตู้โชว์, บานหน้าต่าง, ฝาครอบใส
A13: 4 x 6 ฟุต (ขนาดตัดแบ่ง) | B13: 1220 | C13: 1830 | D13: =B13*C13/1000000 | E13: 2, 3, 5 มม. | F13: ป้ายหน้าร้าน, ฝาครอบเครื่อง
A14: 3 x 6 ฟุต (ขนาดยอดนิยม) | B14: 915 | C14: 1830 | D14: =B14*C14/1000000 | E14: 2, 3, 5 มม. | F14: ชิ้นงานขนาดกลาง ประหยัดเศษ
A15: 2 x 4 ฟุต (แผ่นเล็ก) | B15: 610 | C15: 1220 | D15: =B15*C15/1000000 | E15: 2, 3, 5 มม. | F15: ชิ้นงานขนาดเล็ก, ป้ายไฟ
A17: 📐 เทคนิคและข้อแนะนำการตัดและการพับ (Fabrication Notes)
A18: 1. แผ่นคอมโพสิต: ใช้ใบมีดเซาะร่อง V-Groove 90° หรือ 135° ด้านหลัง โดยเหลือชั้นพลาสติกและผิวหน้าไว้ประมาณ 0.5 - 0.8 มม. ก่อนพับขึ้นรูป
A19: 2. แผ่นอะคริลิก (Arcylic): แนะนำให้ตัดด้วยเครื่อง Laser Cutting เพื่อให้ขอบเรียบเงาใส ไม่ต้องขัดแต่งเพิ่มเติม
A20: 3. ระยะเผื่อคลี่ชิ้นงานพับ (Blank Size): สามารถใช้สูตร กว้างรวมปีกพับ (W + 2F) ในการคำนวณเบื้องต้น เพื่อความปลอดภัยของเศษตัด
A21: 4. ค่าเผื่อเศษตัด (Waste Factor): สำหรับอะคริลิกแผ่นใส แนะนำตั้งเผื่อไว้ 15% - 20% เนื่องจากต้องเผื่อระยะแนวทางเดินลำแสงเลเซอร์และการเว้นขอบฟิล์มกันรอย
